Year,Month,Channel,Brand,Weight range,Units (in 1000),Value (in rub),Volume (in 1000 kg),Number of stores
2021.0,1.0,Hypermarkets,Green,200-249G,12.7583,817789.128,2.6792,545.0
2021.0,1.0,Hypermarkets,Greennn#!,350-399G,61.6034,5598975.814,21.5612,798.0
2021.0,1.0,Hypermarkets,Greennn#!,400-599G,47.7524,4638537.271,23.8763,569.0
2021.0,1.0,Hypermarkets,Greennn#!,600-899G,0.0017,123.992,0.0013,1.0
2021.0,1.0,Hypermarkets,Blue,200-249G,0.0509,5628.921,0.0101,6.0
2021.0,1.0,Hypermarkets,Blue,400-599G,32.5492,5589670.023,13.0196,658.0
2021.0,1.0,Hypermarkets,Black,200-249G,3.3615,224651.12199999997,0.7731,366.0
2021.0,1.0,Hypermarkets,Black,400-599G,1.4148,172739.041,0.6367,281.0
2021.0,1.0,Hypermarkets,Yellow,350-399G,4.3779,295583.894,1.5761,234.0
2021.0,1.0,Hypermarkets,White,<200G,2.563,286247.337,0.4614,102.0
2021.0,1.0,Hypermarkets,Red,350-399G,0.938,144051.522,0.347,93.0
2021.0,1.0,Hypermarkets,Orange,250-299G,0.0066,2099.316,0.0018,2.0
2021.0,1.0,Hypermarkets,Orange,400-599G,1.0009,128384.194,0.4004,122.0
2021.0,1.0,Hypermarkets,Purple,400-599G,0.3449,72269.303,0.1379,167.0
2021.0,1.0,Hypermarkets,Brown,<200G,0.3859,35374.751000000004,0.0695,88.0
2021.0,1.0,Hypermarkets,Brown,400-599G,0.0197,3081.309,0.0079,11.0
2021.0,1.0,Hypermarkets,Pink,<200G,0.2111,37134.448,0.0401,0.0
2021.0,1.0,Hypermarkets,Pink,350-399G,0.0011,156.28300000000002,0.0004,0.0
2021.0,1.0,Minimarkets,Greennn#!,200-249G,60.7356,3633450.875,12.7544,8174.0
2021.0,1.0,Minimarkets,Greennn#!,350-399G,53.4502,5188030.767999999,18.7075,8539.0
2021.0,1.0,Minimarkets,Greennn#!,400-599G,4.7236,698288.024,2.3618,791.0
2021.0,1.0,Minimarkets,Greennn#!,600-899G,0.2761,44558.407,0.2071,174.0
2021.0,1.0,Minimarkets,Blue,200-249G,0.0109,976.688,0.0022,2.0
2021.0,1.0,Minimarkets,Blue,400-599G,6.601,1395983.538,2.6403,704.0
2021.0,1.0,Minimarkets,Yellow,350-399G,22.0065,1012001.19,7.9223,1738.0
2021.0,1.0,Minimarkets,Black,200-249G,3.368,248807.815,0.7747,1602.0
2021.0,1.0,Minimarkets,Black,400-599G,0.6442,121949.72099999999,0.2899,498.0
2021.0,1.0,Minimarkets,White,<200G,1.5582,144102.644,0.2804,254.0
2021.0,1.0,Minimarkets,Red,350-399G,0.9092,139276.35799999998,0.3364,390.0
2021.0,1.0,Minimarkets,Golden,350-399G,0.7546,69099.011,0.2641,222.0
2021.0,1.0,Minimarkets,Grey,350-399G,0.3194,68459.953,0.1117,121.0
2021.0,1.0,Minimarkets,Vivid,<200G,0.0203,3688.142,0.0036,0.0
2021.0,1.0,Minimarkets,Vivid,350-399G,0.2341,52410.371,0.082,0.0
2021.0,1.0,Minimarkets,Orange,250-299G,0.0033,1317.1699999999998,0.0009,2.0
2021.0,1.0,Minimarkets,Orange,400-599G,0.4005,44008.199,0.1602,280.0
2021.0,1.0,Supermarkets,Greennn#!,200-249G,97.1922,5815674.717,20.4104,11628.0
2021.0,1.0,Supermarkets,Greennn#!,350-399G,147.9807,13070828.159999998,51.7931,15787.0
2021.0,1.0,Supermarkets,Greennn#!,400-599G,9.3525,1152899.461,4.6763,796.0
2021.0,1.0,Supermarkets,Greennn#!,600-899G,0.0646,9090.562,0.0485,34.0
2021.0,1.0,Supermarkets,Blue,200-249G,0.0052,655.369,0.0011,2.0
2021.0,1.0,Supermarkets,Blue,400-599G,49.6951,8107083.433,19.878,1820.0
2021.0,1.0,Supermarkets,Yellow,350-399G,36.8688,2073765.747,13.2728,2184.0
2021.0,1.0,Supermarkets,Black,200-249G,2.7811,190909.02500000002,0.6397,842.0
2021.0,1.0,Supermarkets,Black,400-599G,5.3559,807009.751,2.4102,1879.0
2021.0,1.0,Supermarkets,Deep,<200G,1.8007,496770.16099999996,0.3421,96.0
2021.0,1.0,Supermarkets,Deep,350-399G,0.0343,10777.786,0.0121,8.0
2021.0,1.0,Supermarkets,Deep,400-599G,0.0712,35072.661,0.0356,48.0
2021.0,1.0,Supermarkets,Red,350-399G,2.1642,341345.026,0.8008,289.0
2021.0,1.0,Supermarkets,Vivid,<200G,0.3247,59056.691999999995,0.0585,75.0
2021.0,1.0,Supermarkets,Vivid,350-399G,1.147,246981.215,0.4015,88.0
2021.0,1.0,Supermarkets,Moderate,350-399G,1.2875,233906.12300000002,0.4505,114.0
2021.0,1.0,Supermarkets,Pale,350-399G,0.0013,511.883,0.0005,1.0
2021.0,1.0,Supermarkets,Pale,400-599G,0.6515,221027.694,0.2605,96.0
2021.0,1.0,Supermarkets,Dim,<200G,0.0007,330.204,0.0001,0.0
2021.0,1.0,Supermarkets,Dim,350-399G,0.0577,27053.737,0.0202,0.0
2021.0,1.0,Supermarkets,Dim,400-599G,0.2991,167434.489,0.1256,0.0
2021.0,2.0,Hypermarkets,Greennn#!,200-249G,11.0802,740731.002,2.3268,558.0
2021.0,2.0,Hypermarkets,Greennn#!,350-399G,71.5818,6362673.845000001,25.0535,810.0
2021.0,2.0,Hypermarkets,Greennn#!,400-599G,30.1637,3418376.272,15.082,587.0
2021.0,2.0,Hypermarkets,Blue,200-249G,0.0753,8411.521,0.0151,10.0
2021.0,2.0,Hypermarkets,Blue,400-599G,21.9409,4399865.7979999995,8.7763,668.0
2021.0,2.0,Hypermarkets,Yellow,350-399G,4.788,323528.652,1.7237,237.0
2021.0,2.0,Hypermarkets,White,<200G,2.5794,284872.613,0.4643,105.0
2021.0,2.0,Hypermarkets,Black,200-249G,2.4279,182747.544,0.5584,343.0
2021.0,2.0,Hypermarkets,Black,400-599G,0.7081,89899.09199999999,0.3186,208.0
2021.0,2.0,Hypermarkets,Red,350-399G,0.9907,147664.938,0.3666,77.0
2021.0,2.0,Hypermarkets,Orange,250-299G,0.0058,1908.0230000000001,0.0016,2.0
2021.0,2.0,Hypermarkets,Orange,400-599G,1.0523,136397.28199999998,0.4209,124.0
2021.0,2.0,Hypermarkets,Purple,400-599G,0.3763,59318.734,0.1505,165.0
2021.0,2.0,Hypermarkets,Brown,<200G,0.5313,46850.674,0.0956,87.0
2021.0,2.0,Hypermarkets,Brown,400-599G,0.0106,1650.026,0.0042,8.0
2021.0,2.0,Hypermarkets,Lime,400-599G,0.2056,41075.017,0.0823,62.0
2021.0,2.0,Minimarkets,Greennn#!,200-249G,54.9092,3357609.5470000003,11.531,8226.0
2021.0,2.0,Minimarkets,Greennn#!,350-399G,39.3809,4194076.763,13.7834,8143.0
2021.0,2.0,Minimarkets,Greennn#!,400-599G,4.9295,735410.338,2.4647,777.0
2021.0,2.0,Minimarkets,Greennn#!,600-899G,0.3959,66646.87999999999,0.2969,273.0
2021.0,2.0,Minimarkets,Blue,200-249G,0.0044,385.702,0.0009,2.0
2021.0,2.0,Minimarkets,Blue,400-599G,7.3705,1552946.1770000001,2.9482,941.0
2021.0,2.0,Minimarkets,Yellow,350-399G,7.646,547562.863,2.7526,1592.0
2021.0,2.0,Minimarkets,Black,200-249G,4.0811,299708.529,0.9387,1955.0
2021.0,2.0,Minimarkets,Black,400-599G,0.5181,82924.092,0.2331,507.0
2021.0,2.0,Minimarkets,White,<200G,1.4093,132623.274,0.2537,222.0
2021.0,2.0,Minimarkets,Red,350-399G,0.5252,82262.954,0.1943,279.0
2021.0,2.0,Minimarkets,Golden,350-399G,0.8628,77771.447,0.302,213.0
2021.0,2.0,Minimarkets,Vivid,<200G,0.0235,4290.931,0.0042,0.0
2021.0,2.0,Minimarkets,Vivid,350-399G,0.2102,48938.784,0.0735,0.0
2021.0,2.0,Minimarkets,Orange,250-299G,0.0033,1308.484,0.0009,2.0
2021.0,2.0,Minimarkets,Orange,300-349G,0.0159,3317.889,0.0048,2.0
2021.0,2.0,Minimarkets,Orange,400-599G,0.3496,38380.471,0.1398,206.0
2021.0,2.0,Minimarkets,Pale,<200G,0.0003,60.471,0.0001,0.0
2021.0,2.0,Minimarkets,Pale,400-599G,0.0954,37051.83,0.0381,0.0
2021.0,2.0,Supermarkets,Greennn#!,200-249G,158.1197,8438527.040000001,33.2051,11647.0
2021.0,2.0,Supermarkets,Greennn#!,350-399G,110.5001,10562128.693,38.6751,15152.0
2021.0,2.0,Supermarkets,Greennn#!,400-599G,6.4026,912741.207,3.2013,780.0
2021.0,2.0,Supermarkets,Greennn#!,600-899G,0.0408,5509.437,0.0306,30.0
2021.0,2.0,Supermarkets,Blue,200-249G,0.0165,2359.302,0.0033,12.0
2021.0,2.0,Supermarkets,Blue,400-599G,20.2505,4419943.142,8.1002,1675.0
2021.0,2.0,Supermarkets,Yellow,350-399G,19.6373,1418480.059,7.0695,2062.0
2021.0,2.0,Supermarkets,Black,200-249G,2.978,170088.854,0.6849,800.0
2021.0,2.0,Supermarkets,Black,400-599G,3.2412,503776.524,1.4585,2043.0
2021.0,2.0,Supermarkets,Deep,<200G,1.541,407293.637,0.2928,101.0
2021.0,2.0,Supermarkets,Deep,350-399G,0.0206,6792.724999999999,0.0073,7.0
2021.0,2.0,Supermarkets,Deep,400-599G,0.0738,36475.166000000005,0.0369,54.0
2021.0,2.0,Supermarkets,Dim,<200G,0.0013,660.408,0.0003,0.0
2021.0,2.0,Supermarkets,Dim,350-399G,0.0551,25322.154000000002,0.0193,0.0
2021.0,2.0,Supermarkets,Dim,400-599G,0.4099,222275.641,0.1721,0.0
2021.0,2.0,Supermarkets,Vivid,<200G,0.2964,53936.471,0.0533,78.0
2021.0,2.0,Supermarkets,Vivid,350-399G,0.8342,187833.551,0.292,88.0
2021.0,2.0,Supermarkets,Red,350-399G,1.403,229581.50900000002,0.519,266.0
2021.0,2.0,Supermarkets,Moderate,350-399G,1.0795,201002.334,0.3777,117.0
2021.0,2.0,Supermarkets,Pale,<200G,0.0013,513.01,0.0003,2.0
2021.0,2.0,Supermarkets,Pale,400-599G,0.5091,184811.387,0.2036,87.0
2021.0,3.0,Hypermarkets,Greennn#!,200-249G,12.7284,883869.49,2.673,565.0
2021.0,3.0,Hypermarkets,Greennn#!,350-399G,71.5553,6611277.901000001,25.0443,794.0
2021.0,3.0,Hypermarkets,Greennn#!,400-599G,36.161,4368402.84,18.0803,580.0
2021.0,3.0,Hypermarkets,Blue,200-249G,0.0728,8987.190999999999,0.0146,11.0
2021.0,3.0,Hypermarkets,Blue,400-599G,25.6654,5080932.744,10.2662,664.0
2021.0,3.0,Hypermarkets,White,<200G,3.6165,381379.502,0.651,102.0
2021.0,3.0,Hypermarkets,Yellow,350-399G,4.7589,326445.788,1.7132,236.0
2021.0,3.0,Hypermarkets,Black,200-249G,2.5793,194223.79799999998,0.5932,310.0
2021.0,3.0,Hypermarkets,Black,400-599G,0.4134,59907.001000000004,0.186,148.0
2021.0,3.0,Hypermarkets,Orange,250-299G,0.0082,2719.411,0.0023,3.0
2021.0,3.0,Hypermarkets,Orange,400-599G,1.0868,140990.37000000002,0.4347,123.0
2021.0,3.0,Hypermarkets,Red,350-399G,0.7852,112194.17599999999,0.2905,73.0
2021.0,3.0,Hypermarkets,Pink,<200G,0.2595,45093.43,0.0493,87.0
2021.0,3.0,Hypermarkets,Pink,350-399G,0.0007,69.555,0.0003,2.0
2021.0,3.0,Hypermarkets,Lime,400-599G,0.2084,42177.223,0.0833,56.0
2021.0,3.0,Hypermarkets,Brown,<200G,0.3992,38224.321,0.0719,91.0
2021.0,3.0,Hypermarkets,Brown,400-599G,0.011,1612.696,0.0044,6.0
2021.0,3.0,Minimarkets,Greennn#!,200-249G,58.9925,3420009.855,12.3884,7304.0
2021.0,3.0,Minimarkets,Greennn#!,350-399G,55.1167,5533045.968,19.2909,8857.0
2021.0,3.0,Minimarkets,Greennn#!,400-599G,5.0973,751429.353,2.5487,568.0
2021.0,3.0,Minimarkets,Greennn#!,600-899G,0.3926,67253.647,0.2945,203.0
2021.0,3.0,Minimarkets,Blue,200-249G,0.004,587.074,0.0008,1.0
2021.0,3.0,Minimarkets,Blue,400-599G,5.984,1257186.0420000001,2.3936,874.0
2021.0,3.0,Minimarkets,Yellow,350-399G,16.7714,957650.1070000001,6.0377,1817.0
2021.0,3.0,Minimarkets,Black,200-249G,6.6417,461544.797,1.5276,2390.0
2021.0,3.0,Minimarkets,Black,400-599G,0.5295,85414.349,0.2383,446.0
2021.0,3.0,Minimarkets,Red,350-399G,1.2914,193421.163,0.4778,475.0
2021.0,3.0,Minimarkets,White,<200G,1.7221,162790.08099999998,0.31,232.0
2021.0,3.0,Minimarkets,Golden,350-399G,1.0598,97765.70999999999,0.371,221.0
2021.0,3.0,Minimarkets,Virulent,300-349G,0.2531,50093.305,0.081,0.0
2021.0,3.0,Minimarkets,Orange,250-299G,0.0007,274.441,0.0002,2.0
2021.0,3.0,Minimarkets,Orange,300-349G,0.0007,138.314,0.0002,1.0
2021.0,3.0,Minimarkets,Orange,400-599G,0.4348,47505.246999999996,0.1739,256.0
2021.0,3.0,Minimarkets,Vivid,<200G,0.038,6911.678,0.0068,0.0
2021.0,3.0,Minimarkets,Vivid,350-399G,0.1571,35343.786,0.055,0.0
2021.0,3.0,Supermarkets,Greennn#!,200-249G,160.7599,8375874.438000001,33.7595,11876.0
2021.0,3.0,Supermarkets,Greennn#!,350-399G,128.3013,12122702.853,44.9054,15756.0
2021.0,3.0,Supermarkets,Greennn#!,400-599G,10.4898,1390042.249,5.2449,762.0
2021.0,3.0,Supermarkets,Greennn#!,600-899G,0.008,1284.8790000000001,0.006,3.0
2021.0,3.0,Supermarkets,Blue,200-249G,0.084,12614.995,0.0168,48.0
2021.0,3.0,Supermarkets,Blue,400-599G,36.1689,6994548.254000001,14.4676,1692.0
2021.0,3.0,Supermarkets,Yellow,350-399G,26.1577,1774121.005,9.4168,1981.0
2021.0,3.0,Supermarkets,Deep,<200G,1.7753,504261.818,0.3373,95.0
2021.0,3.0,Supermarkets,Deep,350-399G,0.019,6121.244,0.0067,8.0
2021.0,3.0,Supermarkets,Deep,400-599G,0.0965,47773.322,0.0483,62.0
2021.0,3.0,Supermarkets,Black,200-249G,3.219,151434.106,0.7404,707.0
2021.0,3.0,Supermarkets,Black,400-599G,2.5952,395922.213,1.1678,1904.0
2021.0,3.0,Supermarkets,Red,350-399G,2.7406,481704.229,1.014,353.0
2021.0,3.0,Supermarkets,Dim,<200G,0.002,990.6129999999999,0.0004,0.0
2021.0,3.0,Supermarkets,Dim,350-399G,0.0619,28385.296000000002,0.0216,0.0
2021.0,3.0,Supermarkets,Dim,400-599G,0.4613,255430.531,0.1937,0.0
2021.0,3.0,Supermarkets,Vivid,<200G,0.3527,64167.69700000001,0.0635,77.0
2021.0,3.0,Supermarkets,Vivid,350-399G,1.0126,211265.253,0.3544,87.0
2021.0,3.0,Supermarkets,Pale,400-599G,0.5241,198851.962,0.2097,0.0
2021.0,3.0,Supermarkets,Moderate,350-399G,1.0016,197967.969,0.3504,118.0
2021.0,4.0,Hypermarkets,Greennn#!,200-249G,14.3286,961059.632,3.009,565.0
2021.0,4.0,Hypermarkets,Greennn#!,350-399G,58.0894,5859277.454,20.3312,796.0
2021.0,4.0,Hypermarkets,Greennn#!,400-599G,21.5185,2930864.958,10.7593,570.0
2021.0,4.0,Hypermarkets,Blue,200-249G,0.0835,10429.016000000001,0.0167,11.0
2021.0,4.0,Hypermarkets,Blue,400-599G,15.4084,3419515.0130000003,6.1634,628.0
2021.0,4.0,Hypermarkets,Yellow,350-399G,4.0397,308450.321,1.4542,232.0
2021.0,4.0,Hypermarkets,White,<200G,2.769,305049.151,0.4984,101.0
2021.0,4.0,Hypermarkets,Black,200-249G,2.1124,138822.56,0.4859,260.0
2021.0,4.0,Hypermarkets,Black,400-599G,0.5541,59119.02,0.2493,100.0
2021.0,4.0,Hypermarkets,Orange,250-299G,0.0478,17027.861999999997,0.0134,21.0
2021.0,4.0,Hypermarkets,Orange,400-599G,0.9464,122809.512,0.3785,131.0
2021.0,4.0,Hypermarkets,Red,350-399G,0.6534,91436.464,0.2418,60.0
2021.0,4.0,Hypermarkets,Brown,<200G,0.5382,46874.411,0.0969,91.0
2021.0,4.0,Hypermarkets,Brown,400-599G,0.0174,2096.333,0.007,6.0
2021.0,4.0,Hypermarkets,Purple,400-599G,0.2546,45806.486,0.1018,154.0
2021.0,4.0,Hypermarkets,Lime,400-599G,0.2126,42238.225,0.085,0.0
2021.0,4.0,Minimarkets,Greennn#!,200-249G,37.3693,2655292.9650000003,7.8476,6542.0
2021.0,4.0,Minimarkets,Greennn#!,350-399G,56.9814,5564252.255,19.9434,9222.0
2021.0,4.0,Minimarkets,Greennn#!,400-599G,4.012,594287.953,2.0058,625.0
2021.0,4.0,Minimarkets,Greennn#!,600-899G,0.3882,65343.700999999994,0.2912,203.0
2021.0,4.0,Minimarkets,Blue,200-249G,0.0059,770.477,0.0012,3.0
2021.0,4.0,Minimarkets,Blue,400-599G,5.9628,1136385.2719999999,2.3852,846.0
2021.0,4.0,Minimarkets,Yellow,350-399G,16.906,993906.198,6.0862,1853.0
2021.0,4.0,Minimarkets,Black,200-249G,5.1908,360733.782,1.1939,1868.0
2021.0,4.0,Minimarkets,Black,400-599G,0.703,79828.062,0.3163,461.0
2021.0,4.0,Minimarkets,Magenta,300-349G,3.3595,300151.78500000003,1.075,3105.0
2021.0,4.0,Minimarkets,White,<200G,1.4491,133116.45799999998,0.2608,245.0
2021.0,4.0,Minimarkets,Red,350-399G,0.6772,112223.814,0.2506,223.0
2021.0,4.0,Minimarkets,Golden,350-399G,1.0269,93809.29299999999,0.3594,525.0
2021.0,4.0,Minimarkets,Rosy,350-399G,0.9615,73015.91,0.3702,1065.0
2021.0,4.0,Minimarkets,Moderate,350-399G,0.3359,66834.19499999999,0.1176,0.0
2021.0,4.0,Supermarkets,Greennn#!,200-249G,85.8107,5634594.107,18.0203,10675.0
2021.0,4.0,Supermarkets,Greennn#!,350-399G,143.6183,13515363.595,50.2664,15822.0
2021.0,4.0,Supermarkets,Greennn#!,400-599G,6.1445,921747.494,3.0722,644.0
2021.0,4.0,Supermarkets,Greennn#!,600-899G,0.0037,769.6809999999999,0.0028,2.0
2021.0,4.0,Supermarkets,Blue,200-249G,1.2159,130732.09199999999,0.2432,190.0
2021.0,4.0,Supermarkets,Blue,400-599G,20.3542,4574937.022,8.1417,1774.0
2021.0,4.0,Supermarkets,Yellow,350-399G,35.1475,2209359.4,12.6531,1975.0
2021.0,4.0,Supermarkets,Deep,<200G,1.9363,590075.329,0.368,107.0
2021.0,4.0,Supermarkets,Deep,350-399G,0.0307,11345.499,0.0109,7.0
2021.0,4.0,Supermarkets,Deep,400-599G,0.0729,36270.744999999995,0.0365,49.0
2021.0,4.0,Supermarkets,Black,200-249G,2.075,96486.401,0.4773,421.0
2021.0,4.0,Supermarkets,Black,400-599G,3.1939,374999.533,1.4373,1777.0
2021.0,4.0,Supermarkets,Magenta,300-349G,5.1391,458184.074,1.6445,3919.0
2021.0,4.0,Supermarkets,Red,350-399G,1.5242,283173.52,0.5639,201.0
2021.0,4.0,Supermarkets,Dim,<200G,0.0007,330.204,0.0001,0.0
2021.0,4.0,Supermarkets,Dim,350-399G,0.0837,38515.669,0.0293,0.0
2021.0,4.0,Supermarkets,Dim,400-599G,0.3279,191166.691,0.1377,0.0
2021.0,4.0,Supermarkets,Moderate,350-399G,1.1543,213325.979,0.404,116.0
2021.0,4.0,Supermarkets,Beige,200-249G,0.1671,83729.70999999999,0.0334,0.0
2021.0,4.0,Supermarkets,Beige,350-399G,0.2441,124685.178,0.0855,0.0
2021.0,5.0,Hypermarkets,Greennn#!,200-249G,13.5576,911409.8470000001,2.8471,558.0
2021.0,5.0,Hypermarkets,Greennn#!,350-399G,47.7186,4885222.894,16.7014,788.0
2021.0,5.0,Hypermarkets,Greennn#!,400-599G,44.885,4601925.382,22.4425,573.0
2021.0,5.0,Hypermarkets,Blue,200-249G,0.0874,10906.751,0.0174,9.0
2021.0,5.0,Hypermarkets,Blue,400-599G,30.9377,5422175.792,12.3752,645.0
2021.0,5.0,Hypermarkets,White,<200G,2.4347,266134.121,0.4383,98.0
2021.0,5.0,Hypermarkets,Yellow,350-399G,3.0084,254339.266,1.083,229.0
2021.0,5.0,Hypermarkets,Black,200-249G,1.2446,82654.955,0.2862,205.0
2021.0,5.0,Hypermarkets,Black,400-599G,1.368,98160.894,0.6156,85.0
2021.0,5.0,Hypermarkets,Purple,400-599G,1.068,168193.23,0.4272,207.0
2021.0,5.0,Hypermarkets,Orange,250-299G,0.0445,14372.702000000001,0.0125,16.0
2021.0,5.0,Hypermarkets,Orange,400-599G,1.1576,149289.834,0.4631,164.0
2021.0,5.0,Hypermarkets,Red,350-399G,0.4292,74998.66,0.1587,46.0
2021.0,5.0,Hypermarkets,Golden,350-399G,1.1917,73446.70000000001,0.4171,107.0
2021.0,5.0,Hypermarkets,Lime,400-599G,0.2538,44394.432,0.1015,0.0
2021.0,5.0,Minimarkets,Greennn#!,200-249G,50.3357,3091481.526,10.5705,7285.0
2021.0,5.0,Minimarkets,Greennn#!,350-399G,47.7021,4930199.558999999,16.6957,8658.0
2021.0,5.0,Minimarkets,Greennn#!,400-599G,4.3447,627314.7390000001,2.1724,566.0
2021.0,5.0,Minimarkets,Greennn#!,600-899G,0.3834,61923.17,0.2876,173.0
2021.0,5.0,Minimarkets,Blue,200-249G,0.0121,1590.881,0.0024,8.0
2021.0,5.0,Minimarkets,Blue,400-599G,5.9219,1154483.978,2.3687,904.0
2021.0,5.0,Minimarkets,Yellow,350-399G,11.3992,729855.68,4.1037,1552.0
2021.0,5.0,Minimarkets,Rosy,350-399G,9.2888,616157.152,3.5762,2250.0
2021.0,5.0,Minimarkets,Rosy,400-599G,0.0893,8514.561,0.0438,138.0
2021.0,5.0,Minimarkets,Golden,350-399G,8.739,530799.296,3.0586,2725.0
2021.0,5.0,Minimarkets,Black,200-249G,4.1646,281724.60000000003,0.9579,1325.0
2021.0,5.0,Minimarkets,Black,400-599G,1.0117,87100.71100000001,0.4553,386.0
2021.0,5.0,Minimarkets,Magenta,300-349G,3.8908,334688.03,1.2451,3510.0
2021.0,5.0,Minimarkets,White,<200G,1.5262,136563.048,0.2747,212.0
2021.0,5.0,Minimarkets,Red,350-399G,0.6706,111212.18299999999,0.2481,270.0
2021.0,5.0,Minimarkets,Lilac,400-599G,1.0727,91027.754,0.4291,0.0
2021.0,5.0,Supermarkets,Greennn#!,200-249G,135.3355,7220074.8149999995,28.4204,11852.0
2021.0,5.0,Supermarkets,Greennn#!,350-399G,94.3423,9661265.621000001,33.0196,15176.0
2021.0,5.0,Supermarkets,Greennn#!,400-599G,7.8155,1041996.9940000001,3.9077,585.0
2021.0,5.0,Supermarkets,Greennn#!,600-899G,0.0042,866.289,0.0031,2.0
2021.0,5.0,Supermarkets,Blue,200-249G,1.0079,111543.779,0.2016,249.0
2021.0,5.0,Supermarkets,Blue,400-599G,39.3356,7424948.825999999,15.7343,1844.0
2021.0,5.0,Supermarkets,Rosy,350-399G,34.9286,2329209.672,13.4475,7585.0
2021.0,5.0,Supermarkets,Rosy,400-599G,0.044,4999.411,0.0215,72.0
2021.0,5.0,Supermarkets,Yellow,350-399G,21.7396,1515283.2040000001,7.8262,1670.0
2021.0,5.0,Supermarkets,Golden,350-399G,13.6827,829925.924,4.789,4261.0
2021.0,5.0,Supermarkets,Black,200-249G,1.9199,60751.409,0.4416,247.0
2021.0,5.0,Supermarkets,Black,400-599G,4.582,432962.44,2.0619,1403.0
2021.0,5.0,Supermarkets,Magenta,300-349G,4.7963,411484.91000000003,1.5348,3969.0
2021.0,5.0,Supermarkets,Deep,<200G,1.2937,382599.60000000003,0.2457,113.0
2021.0,5.0,Supermarkets,Deep,350-399G,0.0113,4805.201,0.004,4.0
2021.0,5.0,Supermarkets,Deep,400-599G,0.0493,24562.618000000002,0.0246,44.0
2021.0,5.0,Supermarkets,Red,350-399G,1.6667,316395.114,0.6166,287.0
2021.0,5.0,Supermarkets,Dim,350-399G,0.0853,39231.244,0.0298,0.0
2021.0,5.0,Supermarkets,Dim,400-599G,0.398,222563.144,0.1672,0.0
2021.0,6.0,Hypermarkets,Greennn#!,200-249G,14.4889,916589.147,3.0427,553.0
2021.0,6.0,Hypermarkets,Greennn#!,350-399G,48.4585,4782541.053,16.9604,787.0
2021.0,6.0,Hypermarkets,Greennn#!,400-599G,22.4112,2572258.208,11.2055,591.0
2021.0,6.0,Hypermarkets,Blue,200-249G,0.085,10520.849999999999,0.017,11.0
2021.0,6.0,Hypermarkets,Blue,400-599G,27.6087,4729630.734999999,11.0434,654.0
2021.0,6.0,Hypermarkets,White,<200G,2.4222,271404.79,0.436,99.0
2021.0,6.0,Hypermarkets,Yellow,350-399G,2.8009,230718.658,1.0083,236.0
2021.0,6.0,Hypermarkets,Orange,250-299G,0.0324,10521.911,0.0091,15.0
2021.0,6.0,Hypermarkets,Orange,400-599G,1.024,132086.592,0.4096,170.0
2021.0,6.0,Hypermarkets,Black,200-249G,0.9643,67866.183,0.2218,149.0
2021.0,6.0,Hypermarkets,Black,400-599G,0.7189,59064.649000000005,0.3235,68.0
2021.0,6.0,Hypermarkets,Red,350-399G,0.5625,97748.139,0.2081,0.0
2021.0,6.0,Hypermarkets,Purple,400-599G,0.6822,88235.473,0.2729,175.0
2021.0,6.0,Hypermarkets,Golden,350-399G,1.3839,79551.433,0.4844,118.0
2021.0,6.0,Hypermarkets,Rosy,350-399G,0.1271,9602.312,0.0489,18.0
2021.0,6.0,Hypermarkets,Rosy,400-599G,0.6678,49925.816,0.3272,108.0
2021.0,6.0,Minimarkets,Greennn#!,200-249G,48.83,3039185.931,10.2543,6761.0
2021.0,6.0,Minimarkets,Greennn#!,350-399G,41.0978,4352489.251,14.3842,7647.0
2021.0,6.0,Minimarkets,Greennn#!,400-599G,2.357,331185.94200000004,1.1785,504.0
2021.0,6.0,Minimarkets,Greennn#!,600-899G,0.3502,56559.075,0.2626,163.0
2021.0,6.0,Minimarkets,Blue,200-249G,0.0172,1925.3960000000002,0.0034,9.0
2021.0,6.0,Minimarkets,Blue,400-599G,5.1814,1062609.031,2.0726,803.0
2021.0,6.0,Minimarkets,Rosy,350-399G,5.6432,371374.57999999996,2.1727,2335.0
2021.0,6.0,Minimarkets,Rosy,400-599G,5.2978,395901.459,2.5959,2479.0
2021.0,6.0,Minimarkets,Yellow,350-399G,12.1151,684569.6309999999,4.3615,1387.0
2021.0,6.0,Minimarkets,Golden,350-399G,9.0987,522367.552,3.1845,3345.0
2021.0,6.0,Minimarkets,Black,200-249G,4.6757,315497.19700000004,1.0754,1483.0
2021.0,6.0,Minimarkets,Black,400-599G,0.6269,75852.48300000001,0.282,279.0
2021.0,6.0,Minimarkets,Magenta,300-349G,3.7283,271431.71,1.193,3378.0
2021.0,6.0,Minimarkets,Lilac,400-599G,1.6225,152936.80000000002,0.649,0.0
2021.0,6.0,Minimarkets,White,<200G,1.4657,133872.281,0.2638,243.0
2021.0,6.0,Minimarkets,Red,350-399G,0.5764,94428.791,0.2133,265.0
2021.0,6.0,Supermarkets,Greennn#!,200-249G,122.9401,7248969.408,25.8174,12120.0
2021.0,6.0,Supermarkets,Greennn#!,350-399G,99.0564,9724902.538,34.6697,13797.0
2021.0,6.0,Supermarkets,Greennn#!,400-599G,5.2129,784023.162,2.6066,641.0
2021.0,6.0,Supermarkets,Greennn#!,600-899G,0.0115,2374.221,0.0086,4.0
2021.0,6.0,Supermarkets,Blue,200-249G,1.0267,114790.323,0.2053,280.0
2021.0,6.0,Supermarkets,Blue,400-599G,20.5077,4603976.229,8.203,1767.0
2021.0,6.0,Supermarkets,Rosy,350-399G,20.6032,1369136.4100000001,7.9322,7311.0
2021.0,6.0,Supermarkets,Rosy,400-599G,11.262,844109.7200000001,5.5184,4054.0
2021.0,6.0,Supermarkets,Yellow,350-399G,17.8589,1193713.564,6.4292,1676.0
2021.0,6.0,Supermarkets,Golden,350-399G,17.6534,960914.753,6.1787,5559.0
2021.0,6.0,Supermarkets,Deep,<200G,1.4055,441059.538,0.2671,107.0
2021.0,6.0,Supermarkets,Deep,350-399G,0.0176,7454.791,0.0062,5.0
2021.0,6.0,Supermarkets,Deep,400-599G,0.0502,25818.787,0.0251,44.0
2021.0,6.0,Supermarkets,Black,200-249G,1.2586,54751.506,0.2895,356.0
2021.0,6.0,Supermarkets,Black,400-599G,2.8264,304731.678,1.2719,1133.0
2021.0,6.0,Supermarkets,Magenta,300-349G,4.563,345881.95300000004,1.4601,4110.0
2021.0,6.0,Supermarkets,Red,350-399G,1.6138,318983.902,0.5971,176.0
2021.0,6.0,Supermarkets,Cream,250-299G,0.4992,183333.69,0.1249,0.0
2021.0,6.0,Supermarkets,Cream,400-599G,0.1664,87983.642,0.0832,0.0
2021.0,7.0,Hypermarkets,Greennn#!,200-249G,14.4344,898672.3859999999,3.0312,553.0
2021.0,7.0,Hypermarkets,Greennn#!,350-399G,50.3687,4814733.113,17.6291,782.0
2021.0,7.0,Hypermarkets,Greennn#!,400-599G,28.8776,3543020.208,14.4389,676.0
2021.0,7.0,Hypermarkets,Blue,200-249G,0.0822,10547.372,0.0164,11.0
2021.0,7.0,Hypermarkets,Blue,400-599G,31.1485,5644685.427,12.4594,754.0
2021.0,7.0,Hypermarkets,White,<200G,2.4838,276893.473,0.4471,101.0
2021.0,7.0,Hypermarkets,Yellow,350-399G,2.8607,238596.017,1.0298,234.0
2021.0,7.0,Hypermarkets,Orange,250-299G,0.0681,17309.398,0.0191,19.0
2021.0,7.0,Hypermarkets,Orange,400-599G,1.0635,137117.698,0.4254,171.0
2021.0,7.0,Hypermarkets,Magenta,300-349G,1.7728,141873.434,0.5673,369.0
2021.0,7.0,Hypermarkets,Red,350-399G,0.724,94276.287,0.2679,0.0
2021.0,7.0,Hypermarkets,Black,200-249G,0.5674,36606.651,0.1305,83.0
2021.0,7.0,Hypermarkets,Black,400-599G,0.5201,51047.383,0.2341,66.0
2021.0,7.0,Hypermarkets,Rosy,350-399G,0.2493,18507.283,0.096,37.0
2021.0,7.0,Hypermarkets,Rosy,400-599G,1.0944,66562.141,0.5362,109.0
2021.0,7.0,Hypermarkets,Golden,350-399G,1.1017,60192.714,0.3856,103.0
2021.0,7.0,Minimarkets,Greennn#!,200-249G,54.0753,3221262.657,11.3558,7112.0
2021.0,7.0,Minimarkets,Greennn#!,350-399G,48.9732,4884351.699,17.1406,9029.0
2021.0,7.0,Minimarkets,Greennn#!,400-599G,2.3963,361062.196,1.1982,506.0
2021.0,7.0,Minimarkets,Greennn#!,600-899G,0.4027,65041.67700000001,0.302,245.0
2021.0,7.0,Minimarkets,Blue,200-249G,0.0126,1649.0320000000002,0.0025,7.0
2021.0,7.0,Minimarkets,Blue,400-599G,6.2703,1229614.7189999998,2.508,914.0
2021.0,7.0,Minimarkets,Rosy,350-399G,3.1949,253928.76499999998,1.23,1785.0
2021.0,7.0,Minimarkets,Rosy,400-599G,11.3647,777136.945,5.5686,3381.0
2021.0,7.0,Minimarkets,Yellow,350-399G,11.1022,627354.39,3.9968,1374.0
2021.0,7.0,Minimarkets,Golden,350-399G,10.392,539018.0,3.6372,3268.0
2021.0,7.0,Minimarkets,Magenta,300-349G,8.4135,442433.333,2.6923,4822.0
2021.0,7.0,Minimarkets,Black,200-249G,4.3244,287874.421,0.9946,1115.0
2021.0,7.0,Minimarkets,Black,400-599G,0.5631,42496.089,0.2534,352.0
2021.0,7.0,Minimarkets,Lilac,400-599G,1.7793,180530.733,0.7117,549.0
2021.0,7.0,Minimarkets,White,<200G,1.5719,139357.318,0.2829,253.0
2021.0,7.0,Minimarkets,Red,350-399G,0.7097,124258.366,0.2626,210.0
2021.0,7.0,Supermarkets,Greennn#!,200-249G,126.3103,7576229.368000001,26.5251,12289.0
2021.0,7.0,Supermarkets,Greennn#!,350-399G,108.4761,10606008.457,37.9666,15057.0
2021.0,7.0,Supermarkets,Greennn#!,400-599G,6.9093,968999.916,3.4546,693.0
2021.0,7.0,Supermarkets,Greennn#!,600-899G,0.0119,2466.652,0.009,4.0
2021.0,7.0,Supermarkets,Blue,200-249G,1.023,116463.955,0.2046,252.0
2021.0,7.0,Supermarkets,Blue,400-599G,38.8084,6837957.26,15.5233,2278.0
2021.0,7.0,Supermarkets,Rosy,350-399G,10.1316,816482.17,3.9007,5403.0
2021.0,7.0,Supermarkets,Rosy,400-599G,19.1341,1313909.49,9.3757,5075.0
2021.0,7.0,Supermarkets,Yellow,350-399G,27.9902,1759860.0280000002,10.0765,1629.0
2021.0,7.0,Supermarkets,Golden,350-399G,19.0495,959116.532,6.6673,5302.0
2021.0,7.0,Supermarkets,Magenta,300-349G,7.5702,412478.904,2.4225,4586.0
2021.0,7.0,Supermarkets,Black,200-249G,0.9289,27907.627,0.2136,131.0
2021.0,7.0,Supermarkets,Black,400-599G,4.2949,346083.656,1.9328,1404.0
2021.0,7.0,Supermarkets,Deep,<200G,0.9299,287866.199,0.1766,105.0
2021.0,7.0,Supermarkets,Deep,350-399G,0.0166,6943.837,0.0059,5.0
2021.0,7.0,Supermarkets,Deep,400-599G,0.0493,25549.584,0.0246,34.0
2021.0,7.0,Supermarkets,Red,350-399G,1.1897,225064.34100000001,0.4402,0.0
2021.0,7.0,Supermarkets,Dim,350-399G,0.0741,34415.037,0.0259,0.0
2021.0,7.0,Supermarkets,Dim,400-599G,0.2776,161844.556,0.1166,0.0
2021.0,8.0,Hypermarkets,Greennn#!,200-249G,10.2483,694009.9569999999,2.1522,524.0
2021.0,8.0,Hypermarkets,Greennn#!,350-399G,57.8795,5266284.194,20.2578,787.0
2021.0,8.0,Hypermarkets,Greennn#!,400-599G,36.1477,4297374.9180000005,18.0739,679.0
2021.0,8.0,Hypermarkets,Blue,200-249G,0.0756,10129.644,0.0151,11.0
2021.0,8.0,Hypermarkets,Blue,400-599G,19.8438,4048512.6,7.9376,737.0
2021.0,8.0,Hypermarkets,White,<200G,3.1254,349836.778,0.5626,127.0
2021.0,8.0,Hypermarkets,Yellow,350-399G,2.6054,220183.552,0.938,249.0
2021.0,8.0,Hypermarkets,Orange,250-299G,0.0507,14072.999,0.0142,19.0
2021.0,8.0,Hypermarkets,Orange,400-599G,0.9781,127683.803,0.3913,170.0
2021.0,8.0,Hypermarkets,Magenta,300-349G,1.9602,137103.641,0.6273,338.0
2021.0,8.0,Hypermarkets,Red,350-399G,0.3193,48341.632,0.1182,33.0
2021.0,8.0,Hypermarkets,Black,200-249G,0.1727,10632.907,0.0397,47.0
2021.0,8.0,Hypermarkets,Black,400-599G,0.2233,29563.621000000003,0.1005,54.0
2021.0,8.0,Hypermarkets,Brown,<200G,0.5568,37274.619,0.1002,88.0
2021.0,8.0,Hypermarkets,Brown,400-599G,0.0013,144.415,0.0005,1.0
2021.0,8.0,Hypermarkets,Rosy,350-399G,0.2014,14455.452,0.0775,32.0
2021.0,8.0,Hypermarkets,Rosy,400-599G,0.4029,20786.09,0.1975,48.0
2021.0,8.0,Minimarkets,Greennn#!,200-249G,29.2669,2051053.798,6.146,6264.0
2021.0,8.0,Minimarkets,Greennn#!,350-399G,61.1062,5927694.242,21.3872,9804.0
2021.0,8.0,Minimarkets,Greennn#!,400-599G,2.3611,354733.746,1.1806,494.0
2021.0,8.0,Minimarkets,Greennn#!,600-899G,0.4027,65041.67700000001,0.302,245.0
2021.0,8.0,Minimarkets,Rosy,350-399G,4.3242,270114.20900000003,1.6648,1760.0
2021.0,8.0,Minimarkets,Rosy,400-599G,9.6874,621280.092,4.7468,3253.0
2021.0,8.0,Minimarkets,Blue,200-249G,0.0109,1380.758,0.0022,6.0
2021.0,8.0,Minimarkets,Blue,400-599G,4.3941,891778.743,1.7577,710.0
2021.0,8.0,Minimarkets,Yellow,350-399G,8.2989,520899.138,2.9877,1386.0
2021.0,8.0,Minimarkets,Golden,350-399G,7.9817,399155.297,2.7936,2704.0
2021.0,8.0,Minimarkets,Magenta,300-349G,5.6129,317758.76499999996,1.7962,3735.0
2021.0,8.0,Minimarkets,Black,200-249G,2.9913,208893.286,0.688,1140.0
2021.0,8.0,Minimarkets,Black,400-599G,0.788,59614.591,0.3546,397.0
2021.0,8.0,Minimarkets,Lilac,400-599G,1.4001,153400.214,0.56,410.0
2021.0,8.0,Minimarkets,White,<200G,1.5806,140020.31199999998,0.2845,255.0
2021.0,8.0,Minimarkets,Orange,250-299G,0.0017,692.633,0.0005,0.0
2021.0,8.0,Minimarkets,Orange,400-599G,0.5136,55714.799999999996,0.2055,0.0
2021.0,8.0,Supermarkets,Greennn#!,200-249G,61.6987,4338377.596,12.9567,10517.0
2021.0,8.0,Supermarkets,Greennn#!,350-399G,142.7044,13377295.863,49.9466,17047.0
2021.0,8.0,Supermarkets,Greennn#!,400-599G,7.1943,1017649.2080000001,3.5971,688.0
2021.0,8.0,Supermarkets,Greennn#!,600-899G,0.013,2686.656,0.0097,4.0
2021.0,8.0,Supermarkets,Blue,200-249G,1.1187,129450.263,0.2238,226.0
2021.0,8.0,Supermarkets,Blue,400-599G,30.8815,6111299.986,12.3527,3561.0
2021.0,8.0,Supermarkets,Rosy,350-399G,12.6958,809177.296,4.8879,5067.0
2021.0,8.0,Supermarkets,Rosy,400-599G,14.9868,949280.491,7.3435,4648.0
2021.0,8.0,Supermarkets,Yellow,250-299G,0.0006,35.739,0.0001,1.0
2021.0,8.0,Supermarkets,Yellow,350-399G,16.8968,1229762.913,6.0829,1873.0
2021.0,8.0,Supermarkets,Golden,350-399G,11.2305,549425.267,3.9306,4277.0
2021.0,8.0,Supermarkets,Magenta,300-349G,5.7121,350572.709,1.8279,3911.0
2021.0,8.0,Supermarkets,Red,350-399G,1.3412,264766.226,0.4962,0.0
2021.0,8.0,Supermarkets,Deep,<200G,0.6592,215468.992,0.1253,105.0
2021.0,8.0,Supermarkets,Deep,350-399G,0.0126,5401.491,0.0044,4.0
2021.0,8.0,Supermarkets,Deep,400-599G,0.0652,33784.533,0.0326,47.0
2021.0,8.0,Supermarkets,Dim,<200G,0.0013,660.408,0.0003,0.0
2021.0,8.0,Supermarkets,Dim,350-399G,0.0615,28180.941,0.0215,0.0
2021.0,8.0,Supermarkets,Dim,400-599G,0.3045,177715.24500000002,0.1279,0.0
2021.0,8.0,Supermarkets,Black,200-249G,0.8461,20953.447,0.1946,105.0
2021.0,8.0,Supermarkets,Black,400-599G,2.2253,170727.381,1.0014,1025.0
2021.0,9.0,Hypermarkets,Greennn#!,200-249G,12.6184,808533.398,2.6499,503.0
2021.0,9.0,Hypermarkets,Greennn#!,350-399G,42.4045,4132658.514,14.8417,793.0
2021.0,9.0,Hypermarkets,Greennn#!,400-599G,36.7903,4342297.08,18.3952,672.0
2021.0,9.0,Hypermarkets,Blue,200-249G,0.0863,11195.581,0.0172,11.0
2021.0,9.0,Hypermarkets,Blue,400-599G,24.176,4509229.168,9.6705,702.0
2021.0,9.0,Hypermarkets,White,<200G,3.2674,356615.048,0.5882,201.0
2021.0,9.0,Hypermarkets,Yellow,350-399G,2.5159,210144.614,0.9057,245.0
2021.0,9.0,Hypermarkets,Orange,250-299G,0.0495,12375.298,0.0139,20.0
2021.0,9.0,Hypermarkets,Orange,400-599G,1.0822,139409.435,0.4329,172.0
2021.0,9.0,Hypermarkets,Magenta,300-349G,1.0285,75752.228,0.3291,283.0
2021.0,9.0,Hypermarkets,Red,350-399G,0.2884,45792.495,0.1067,36.0
2021.0,9.0,Hypermarkets,Cotton,400-599G,0.1827,41747.626,0.0831,0.0
2021.0,9.0,Hypermarkets,Silver,400-599G,0.1928,34859.685,0.0964,0.0
2021.0,9.0,Hypermarkets,Brown,<200G,0.4988,33539.598,0.0898,81.0
2021.0,9.0,Hypermarkets,Brown,400-599G,0.0027,449.29,0.0011,2.0
2021.0,9.0,Minimarkets,Greennn#!,200-249G,25.5023,1767308.918,5.3554,5795.0
2021.0,9.0,Minimarkets,Greennn#!,350-399G,68.0994,6535292.475000001,23.8348,9782.0
2021.0,9.0,Minimarkets,Greennn#!,400-599G,2.7738,417719.272,1.387,654.0
2021.0,9.0,Minimarkets,Greennn#!,600-899G,0.3897,62943.62,0.2923,245.0
2021.0,9.0,Minimarkets,Blue,200-249G,0.3083,41966.569,0.0617,33.0
2021.0,9.0,Minimarkets,Blue,400-599G,5.4636,1037091.87,2.1854,810.0
2021.0,9.0,Minimarkets,Yellow,250-299G,0.2701,17012.744000000002,0.0702,124.0
2021.0,9.0,Minimarkets,Yellow,350-399G,14.3274,736024.929,5.1579,1442.0
2021.0,9.0,Minimarkets,Rosy,350-399G,2.4123,171655.003,0.9287,1468.0
2021.0,9.0,Minimarkets,Rosy,400-599G,5.213,342313.426,2.5544,2666.0
2021.0,9.0,Minimarkets,White,<200G,4.5446,414705.064,0.818,2241.0
2021.0,9.0,Minimarkets,Magenta,300-349G,2.592,240023.454,0.8294,2551.0
2021.0,9.0,Minimarkets,Golden,350-399G,3.1998,224597.878,1.1199,1723.0
2021.0,9.0,Minimarkets,Black,200-249G,2.1857,149312.643,0.5027,899.0
2021.0,9.0,Minimarkets,Black,400-599G,0.4275,35983.109,0.1924,320.0
2021.0,9.0,Minimarkets,Lilac,400-599G,2.0364,183715.546,0.8146,575.0
2021.0,9.0,Minimarkets,Snow,350-399G,1.7236,68770.531,0.6033,188.0
2021.0,9.0,Supermarkets,Greennn#!,200-249G,79.0532,5065711.125,16.6012,10947.0
2021.0,9.0,Supermarkets,Greennn#!,350-399G,167.6062,14523496.622000001,58.6622,17799.0
2021.0,9.0,Supermarkets,Greennn#!,400-599G,10.1737,1340434.3699999999,5.0869,701.0
2021.0,9.0,Supermarkets,Greennn#!,600-899G,0.0126,2599.994,0.0094,3.0
2021.0,9.0,Supermarkets,Blue,200-249G,0.9683,114957.614,0.1937,253.0
2021.0,9.0,Supermarkets,Blue,400-599G,37.5212,7067477.966,15.0084,3877.0
2021.0,9.0,Supermarkets,Yellow,250-299G,0.6296,39270.829,0.1637,266.0
2021.0,9.0,Supermarkets,Yellow,350-399G,43.5059,2370885.4889999996,15.6621,2108.0
2021.0,9.0,Supermarkets,Rosy,350-399G,6.0694,471930.847,2.3367,4266.0
2021.0,9.0,Supermarkets,Rosy,400-599G,7.0549,458486.496,3.4569,3606.0
2021.0,9.0,Supermarkets,White,<200G,7.3345,676658.057,1.3202,3594.0
2021.0,9.0,Supermarkets,Deep,<200G,1.3112,388654.13999999996,0.249,115.0
2021.0,9.0,Supermarkets,Deep,350-399G,0.0115,4972.093,0.0042,5.0
2021.0,9.0,Supermarkets,Deep,400-599G,0.0566,29526.423000000003,0.0283,47.0
2021.0,9.0,Supermarkets,Red,350-399G,1.9244,381290.71900000004,0.712,0.0
2021.0,9.0,Supermarkets,Dim,<200G,0.0021,767.2280000000001,0.0004,3.0
2021.0,9.0,Supermarkets,Dim,350-399G,0.1255,54314.748,0.0439,86.0
2021.0,9.0,Supermarkets,Dim,400-599G,0.4036,228474.595,0.1695,130.0
2021.0,9.0,Supermarkets,Golden,350-399G,4.3609,277617.801,1.5263,2679.0
2021.0,9.0,Supermarkets,Magenta,300-349G,2.6711,221405.838,0.8548,2847.0
2021.0,10.0,Hypermarkets,Greennn#!,200-249G,13.7742,838316.4920000001,2.8925,476.0
2021.0,10.0,Hypermarkets,Greennn#!,350-399G,74.1972,6333926.85,25.9689,789.0
2021.0,10.0,Hypermarkets,Greennn#!,400-599G,23.3262,2967550.514,11.6632,652.0
2021.0,10.0,Hypermarkets,Blue,200-249G,0.1159,13984.016,0.0232,11.0
2021.0,10.0,Hypermarkets,Blue,400-599G,40.4568,6789887.018999999,16.1827,721.0
2021.0,10.0,Hypermarkets,White,<200G,3.0682,342041.969,0.5522,196.0
2021.0,10.0,Hypermarkets,Orange,250-299G,0.0495,12090.182,0.0139,15.0
2021.0,10.0,Hypermarkets,Orange,400-599G,1.3659,170329.41199999998,0.5464,179.0
2021.0,10.0,Hypermarkets,Yellow,350-399G,2.0815,170158.144,0.7494,209.0
2021.0,10.0,Hypermarkets,Magenta,300-349G,0.849,89076.101,0.2717,253.0
2021.0,10.0,Hypermarkets,Red,350-399G,0.2565,46124.092,0.0949,36.0
2021.0,10.0,Hypermarkets,Lime,400-599G,0.1803,33354.405,0.0721,54.0
2021.0,10.0,Hypermarkets,Silver,400-599G,0.1788,30823.635,0.0894,0.0
2021.0,10.0,Hypermarkets,Brown,<200G,0.4067,24997.52,0.0732,0.0
2021.0,10.0,Hypermarkets,Brown,400-599G,0.0004,57.62,0.0001,0.0
2021.0,10.0,Minimarkets,Greennn#!,200-249G,38.1815,2459423.384,8.0181,6076.0
2021.0,10.0,Minimarkets,Greennn#!,350-399G,85.807,7416654.6,30.0325,10542.0
2021.0,10.0,Minimarkets,Greennn#!,400-599G,1.7193,266124.44,0.8596,540.0
2021.0,10.0,Minimarkets,Greennn#!,600-899G,0.4027,65041.67700000001,0.302,245.0
2021.0,10.0,Minimarkets,Blue,200-249G,0.0827,10970.206,0.0165,31.0
2021.0,10.0,Minimarkets,Blue,400-599G,7.987,1451274.3769999999,3.1949,1257.0
2021.0,10.0,Minimarkets,White,<200G,14.5779,1306824.554,2.624,3555.0
2021.0,10.0,Minimarkets,Yellow,250-299G,0.2882,18151.684,0.0749,113.0
2021.0,10.0,Minimarkets,Yellow,350-399G,5.6143,434429.395,2.0211,1348.0
2021.0,10.0,Minimarkets,Rosy,350-399G,2.415,163867.488,0.9297,1028.0
2021.0,10.0,Minimarkets,Rosy,400-599G,2.2058,155758.256,1.0809,1367.0
2021.0,10.0,Minimarkets,Lilac,400-599G,2.6855,198280.60199999998,1.0742,686.0
2021.0,10.0,Minimarkets,Black,200-249G,2.1933,156285.721,0.5045,739.0
2021.0,10.0,Minimarkets,Black,400-599G,0.209,18574.319,0.094,193.0
2021.0,10.0,Minimarkets,Magenta,300-349G,1.7481,162592.15699999998,0.5594,1514.0
2021.0,10.0,Minimarkets,Golden,350-399G,1.8761,140600.756,0.6566,1215.0
2021.0,10.0,Minimarkets,Orange,250-299G,0.0037,1482.14,0.0011,0.0
2021.0,10.0,Minimarkets,Orange,400-599G,0.5566,67058.508,0.2226,0.0
2021.0,10.0,Supermarkets,Greennn#!,200-249G,126.6332,7484281.153,26.593,11784.0
2021.0,10.0,Supermarkets,Greennn#!,350-399G,188.8145,15760805.762,66.0851,17949.0
2021.0,10.0,Supermarkets,Greennn#!,400-599G,7.1569,1051793.848,3.5785,680.0
2021.0,10.0,Supermarkets,Greennn#!,600-899G,0.0121,1881.435,0.009,3.0
2021.0,10.0,Supermarkets,Blue,200-249G,1.0007,112165.929,0.2002,225.0
2021.0,10.0,Supermarkets,Blue,400-599G,55.9615,9577518.937,22.3846,4222.0
2021.0,10.0,Supermarkets,White,<200G,23.2374,2101853.462,4.1827,5351.0
2021.0,10.0,Supermarkets,Yellow,250-299G,0.7115,44767.403,0.185,268.0
2021.0,10.0,Supermarkets,Yellow,350-399G,14.6753,1156387.558,5.2831,1877.0
2021.0,10.0,Supermarkets,Rosy,350-399G,8.6253,595802.7150000001,3.3207,2973.0
2021.0,10.0,Supermarkets,Rosy,400-599G,3.7985,275085.705,1.8613,1927.0
2021.0,10.0,Supermarkets,Red,350-399G,2.1044,449283.347,0.7786,0.0
2021.0,10.0,Supermarkets,Deep,<200G,1.2162,378995.335,0.2311,107.0
2021.0,10.0,Supermarkets,Deep,350-399G,0.0176,7460.162,0.0062,4.0
2021.0,10.0,Supermarkets,Deep,400-599G,0.0467,23810.641,0.0233,36.0
2021.0,10.0,Supermarkets,Dim,<200G,0.0026,1273.673,0.0005,1.0
2021.0,10.0,Supermarkets,Dim,350-399G,0.1336,58314.528000000006,0.0467,89.0
2021.0,10.0,Supermarkets,Dim,400-599G,0.5234,283693.426,0.2199,89.0
2021.0,10.0,Supermarkets,Magenta,300-349G,2.7794,235037.437,0.8894,2408.0
2021.0,10.0,Supermarkets,Golden,350-399G,2.6869,191259.12099999998,0.9404,1641.0
2021.0,11.0,Hypermarkets,Greennn#!,200-249G,9.3454,632659.4720000001,1.9625,445.0
2021.0,11.0,Hypermarkets,Greennn#!,350-399G,49.5129,4733228.103999999,17.3296,780.0
2021.0,11.0,Hypermarkets,Greennn#!,400-599G,48.8577,5155983.123,24.4289,670.0
2021.0,11.0,Hypermarkets,Blue,200-249G,0.1204,15142.913,0.0241,11.0
2021.0,11.0,Hypermarkets,Blue,400-599G,57.1231,7939393.997,22.8493,766.0
2021.0,11.0,Hypermarkets,White,<200G,2.9588,322443.487,0.5326,196.0
2021.0,11.0,Hypermarkets,Orange,250-299G,0.0298,8828.719,0.0084,15.0
2021.0,11.0,Hypermarkets,Orange,400-599G,1.2734,180083.16700000002,0.5093,186.0
2021.0,11.0,Hypermarkets,Yellow,250-299G,0.0084,504.92099999999994,0.0022,2.0
2021.0,11.0,Hypermarkets,Yellow,350-399G,1.9763,158905.209,0.7115,188.0
2021.0,11.0,Hypermarkets,Red,350-399G,0.3746,70102.819,0.1386,33.0
2021.0,11.0,Hypermarkets,Magenta,300-349G,0.6834,69379.221,0.2187,235.0
2021.0,11.0,Hypermarkets,Cotton,400-599G,0.1553,31865.635000000002,0.0707,0.0
2021.0,11.0,Hypermarkets,Lime,400-599G,0.1443,26838.243,0.0577,53.0
2021.0,11.0,Hypermarkets,Pink,<200G,0.1516,25916.124,0.0288,64.0
2021.0,11.0,Hypermarkets,Pink,350-399G,0.0007,69.62100000000001,0.0003,2.0
2021.0,11.0,Minimarkets,Greennn#!,200-249G,26.6778,1862527.017,5.6023,5924.0
2021.0,11.0,Minimarkets,Greennn#!,350-399G,65.9601,6276647.956,23.0859,10158.0
2021.0,11.0,Minimarkets,Greennn#!,400-599G,1.9498,303855.44299999997,0.9749,545.0
2021.0,11.0,Minimarkets,Greennn#!,600-899G,0.2765,44648.981,0.2073,163.0
2021.0,11.0,Minimarkets,Blue,200-249G,0.0267,3119.4350000000004,0.0054,8.0
2021.0,11.0,Minimarkets,Blue,400-599G,8.1549,1411382.6570000001,3.2619,1619.0
2021.0,11.0,Minimarkets,White,<200G,10.259,911959.193,1.8466,3204.0
2021.0,11.0,Minimarkets,Yellow,250-299G,0.686,42920.05,0.1784,123.0
2021.0,11.0,Minimarkets,Yellow,350-399G,12.0641,709762.952,4.343,1420.0
2021.0,11.0,Minimarkets,Rosy,350-399G,2.6768,167301.944,1.0306,788.0
2021.0,11.0,Minimarkets,Rosy,400-599G,1.2912,91374.932,0.6327,1002.0
2021.0,11.0,Minimarkets,Magenta,300-349G,1.9385,170223.986,0.6203,1671.0
2021.0,11.0,Minimarkets,Black,200-249G,2.0573,141777.357,0.4732,673.0
2021.0,11.0,Minimarkets,Black,400-599G,0.1111,9832.527,0.05,111.0
2021.0,11.0,Minimarkets,Lilac,400-599G,2.0803,150476.24899999998,0.8321,660.0
2021.0,11.0,Minimarkets,Golden,350-399G,1.6439,116172.805,0.5754,1077.0
2021.0,11.0,Minimarkets,Red,350-399G,0.521,103764.818,0.1928,0.0
2021.0,11.0,Supermarkets,Greennn#!,200-249G,91.0282,5751850.419000001,19.116,11309.0
2021.0,11.0,Supermarkets,Greennn#!,350-399G,148.5251,13843010.251,51.9838,17986.0
2021.0,11.0,Supermarkets,Greennn#!,400-599G,13.1242,1613783.187,6.5621,721.0
2021.0,11.0,Supermarkets,Greennn#!,600-899G,0.0116,1818.643,0.0087,3.0
2021.0,11.0,Supermarkets,Blue,200-249G,0.9913,116186.59599999999,0.1983,252.0
2021.0,11.0,Supermarkets,Blue,400-599G,49.3487,8723807.701,19.7395,4650.0
2021.0,11.0,Supermarkets,Yellow,250-299G,1.5021,94162.77100000001,0.3905,299.0
2021.0,11.0,Supermarkets,Yellow,350-399G,31.1936,1961295.4070000001,11.2297,1922.0
2021.0,11.0,Supermarkets,White,<200G,16.482,1502999.939,2.9668,4821.0
2021.0,11.0,Supermarkets,Rosy,350-399G,8.0768,479585.418,3.1096,2321.0
2021.0,11.0,Supermarkets,Rosy,400-599G,1.7141,119786.02100000001,0.8399,1202.0
2021.0,11.0,Supermarkets,Red,350-399G,1.827,378372.655,0.676,0.0
2021.0,11.0,Supermarkets,Deep,<200G,1.0677,321767.696,0.2027,108.0
2021.0,11.0,Supermarkets,Deep,350-399G,0.0168,7170.603,0.006,5.0
2021.0,11.0,Supermarkets,Deep,400-599G,0.0466,24183.679,0.0233,39.0
2021.0,11.0,Supermarkets,Magenta,300-349G,3.8501,311613.187,1.232,2984.0
2021.0,11.0,Supermarkets,Orange,250-299G,0.3133,119615.482,0.0877,0.0
2021.0,11.0,Supermarkets,Orange,300-349G,0.0016,526.5360000000001,0.0005,0.0
2021.0,11.0,Supermarkets,Orange,400-599G,1.1007,150343.04,0.4403,0.0
2021.0,11.0,Supermarkets,Beige,200-249G,0.2777,139085.529,0.0556,0.0
2021.0,11.0,Supermarkets,Beige,350-399G,0.2557,129399.20799999998,0.0894,0.0
2021.0,12.0,Hypermarkets,Greennn#!,200-249G,8.2873,584439.645,1.7403,484.0
2021.0,12.0,Hypermarkets,Greennn#!,350-399G,58.9269,5261899.307,20.6244,782.0
2021.0,12.0,Hypermarkets,Greennn#!,400-599G,40.0693,4483308.138,20.0346,666.0
2021.0,12.0,Hypermarkets,Blue,200-249G,0.126,15565.614,0.0252,11.0
2021.0,12.0,Hypermarkets,Blue,400-599G,48.5318,7688316.923,19.4127,766.0
2021.0,12.0,Hypermarkets,White,<200G,3.0142,325022.26300000004,0.5425,210.0
2021.0,12.0,Hypermarkets,Orange,250-299G,0.0374,10424.574,0.0105,13.0
2021.0,12.0,Hypermarkets,Orange,400-599G,1.381,191527.329,0.5524,195.0
2021.0,12.0,Hypermarkets,Yellow,250-299G,0.0071,403.671,0.0019,2.0
2021.0,12.0,Hypermarkets,Yellow,350-399G,1.5797,129878.468,0.5687,175.0
2021.0,12.0,Hypermarkets,Red,350-399G,0.7599,127894.06,0.2812,35.0
2021.0,12.0,Hypermarkets,Magenta,300-349G,0.5868,63073.779,0.1878,234.0
2021.0,12.0,Hypermarkets,Cotton,400-599G,0.3817,61491.981,0.1737,0.0
2021.0,12.0,Hypermarkets,Purple,400-599G,0.1827,36021.5,0.0731,118.0
2021.0,12.0,Hypermarkets,Pink,<200G,0.1949,33214.698,0.037,74.0
2021.0,12.0,Hypermarkets,Pink,350-399G,0.0007,86.132,0.0003,2.0
2021.0,12.0,Minimarkets,Greennn#!,200-249G,26.8384,1831470.979,5.6361,5837.0
2021.0,12.0,Minimarkets,Greennn#!,350-399G,69.7096,6746230.11,24.3984,10270.0
2021.0,12.0,Minimarkets,Greennn#!,400-599G,2.2707,346235.894,1.1352,606.0
2021.0,12.0,Minimarkets,Greennn#!,600-899G,0.2856,46137.22,0.2142,163.0
2021.0,12.0,Minimarkets,Blue,200-249G,0.0646,9829.012,0.0129,19.0
2021.0,12.0,Minimarkets,Blue,400-599G,7.1892,1308781.975,2.8757,1638.0
2021.0,12.0,Minimarkets,White,<200G,9.2164,785239.745,1.6589,3027.0
2021.0,12.0,Minimarkets,Yellow,250-299G,1.021,58981.037000000004,0.2654,151.0
2021.0,12.0,Minimarkets,Yellow,350-399G,10.0487,606253.28,3.6175,1359.0
2021.0,12.0,Minimarkets,Rosy,350-399G,2.361,171533.862,0.909,785.0
2021.0,12.0,Minimarkets,Rosy,400-599G,0.6965,55380.153,0.3413,408.0
2021.0,12.0,Minimarkets,Magenta,300-349G,1.9456,177160.661,0.6225,1542.0
2021.0,12.0,Minimarkets,Black,200-249G,1.9184,134078.957,0.4413,623.0
2021.0,12.0,Minimarkets,Black,400-599G,0.0887,7754.097,0.0398,134.0
2021.0,12.0,Minimarkets,Red,350-399G,0.6647,133355.757,0.2459,0.0
2021.0,12.0,Minimarkets,Snow,350-399G,2.4751,121583.181,0.8663,429.0
2021.0,12.0,Minimarkets,Golden,350-399G,1.6842,108666.09599999999,0.5895,956.0
2021.0,12.0,Supermarkets,Greennn#!,200-249G,92.2485,5816404.614,19.3721,12028.0
2021.0,12.0,Supermarkets,Greennn#!,350-399G,158.1712,14410525.472,55.3599,17750.0
2021.0,12.0,Supermarkets,Greennn#!,400-599G,9.2023,1260909.1940000001,4.6012,714.0
2021.0,12.0,Supermarkets,Greennn#!,600-899G,0.0087,1791.126,0.0065,3.0
2021.0,12.0,Supermarkets,Blue,200-249G,1.3881,160195.657,0.2776,278.0
2021.0,12.0,Supermarkets,Blue,400-599G,38.9478,7508403.5649999995,15.5791,4678.0
2021.0,12.0,Supermarkets,Yellow,250-299G,2.0282,122270.841,0.5273,312.0
2021.0,12.0,Supermarkets,Yellow,350-399G,19.925,1349544.558,7.173,1769.0
2021.0,12.0,Supermarkets,White,<200G,17.0671,1470941.7510000002,3.0721,4837.0
2021.0,12.0,Supermarkets,Deep,<200G,1.3044,385360.054,0.2478,105.0
2021.0,12.0,Supermarkets,Deep,350-399G,0.0201,8773.221,0.0072,6.0
2021.0,12.0,Supermarkets,Deep,400-599G,0.0551,28912.296000000002,0.0276,44.0
2021.0,12.0,Supermarkets,Rosy,350-399G,3.5262,303537.24,1.3576,1857.0
2021.0,12.0,Supermarkets,Rosy,400-599G,0.5836,45059.481,0.286,483.0
2021.0,12.0,Supermarkets,Magenta,300-349G,3.5655,309041.97,1.141,2940.0
2021.0,12.0,Supermarkets,Red,350-399G,1.341,266459.087,0.4962,0.0
2021.0,12.0,Supermarkets,Dim,<200G,0.0033,1651.0210000000002,0.0006,0.0
2021.0,12.0,Supermarkets,Dim,350-399G,0.104,49401.866,0.0364,0.0
2021.0,12.0,Supermarkets,Dim,400-599G,0.2762,154514.089,0.116,0.0
2021.0,12.0,Supermarkets,Orange,250-299G,0.0391,14953.212000000001,0.0109,0.0
2021.0,12.0,Supermarkets,Orange,300-349G,0.0031,960.8409999999999,0.0009,0.0
2021.0,12.0,Supermarkets,Orange,400-599G,1.4449,173679.195,0.5781,0.0
2021.0,1.0,Hypermarkets,Greennn#!,100-199G,31.182,2078583.2999999998,6.2363,511.0
2021.0,1.0,Minimarkets,Greennn#!,100-199G,18.0189,1233555.4,3.6037,1755.0
2021.0,1.0,Supermarkets,Greennn#!,100-199G,26.234,1891463.7,5.2468,2038.0
2021.0,2.0,Hypermarkets,Greennn#!,100-199G,27.5444,1726978.0,5.5089,549.0
2021.0,2.0,Minimarkets,Greennn#!,100-199G,15.2089,999127.4,3.0419,1941.0
2021.0,2.0,Supermarkets,Greennn#!,100-199G,23.4901,1653579.9,4.6981,1923.0
2021.0,3.0,Hypermarkets,Greennn#!,100-199G,24.9705,1670221.4,4.9941,543.0
2021.0,3.0,Minimarkets,Greennn#!,100-199G,14.6105,876252.6,2.9221,1735.0
2021.0,3.0,Supermarkets,Greennn#!,100-199G,18.2471,1287240.7,3.6494,1862.0
2021.0,4.0,Hypermarkets,Greennn#!,100-199G,19.3133,1358936.3,3.8626,543.0
2021.0,4.0,Minimarkets,Greennn#!,100-199G,9.3769,759386.2000000001,1.8754,1389.0
2021.0,4.0,Supermarkets,Greennn#!,100-199G,62.7087,2991207.1999999997,12.5417,1647.0
2021.0,5.0,Hypermarkets,Greennn#!,100-199G,22.617,1451139.5999999999,4.5234,539.0
2021.0,5.0,Minimarkets,Greennn#!,100-199G,8.8641,751663.1,1.7728,1521.0
2021.0,5.0,Supermarkets,Greennn#!,100-199G,17.6217,1321720.7000000002,3.5244,1773.0
2021.0,6.0,Hypermarkets,Greennn#!,100-199G,20.1482,1271748.3,4.0296,588.0
2021.0,6.0,Minimarkets,Greennn#!,100-199G,15.7034,1119430.7,3.1407,1986.0
2021.0,6.0,Supermarkets,Greennn#!,100-199G,36.2357,2409268.2,7.2472,3011.0
2021.0,7.0,Hypermarkets,Greennn#!,100-199G,25.8357,1472910.5,5.1671,689.0
2021.0,7.0,Minimarkets,Greennn#!,100-199G,21.2905,1292415.9,4.2581,2136.0
2021.0,7.0,Supermarkets,Greennn#!,100-199G,44.1025,2610535.8000000003,8.8204,3823.0
2021.0,8.0,Hypermarkets,Greennn#!,100-199G,19.4161,1174415.2999999998,3.8833,654.0
2021.0,8.0,Minimarkets,Greennn#!,100-199G,22.1025,1298084.1,4.4205,2197.0
2021.0,8.0,Supermarkets,Greennn#!,100-199G,49.0676,2683119.3,9.8136,4198.0
2021.0,9.0,Hypermarkets,Greennn#!,100-199G,17.6166,1100457.9000000001,3.5234,563.0
2021.0,9.0,Minimarkets,Greennn#!,100-199G,19.039,1265202.6,3.8079,2540.0
2021.0,9.0,Supermarkets,Greennn#!,100-199G,29.4026,1831285.9000000001,5.8805,3746.0
2021.0,10.0,Hypermarkets,Greennn#!,100-199G,12.0022,833893.8,2.4005,468.0
2021.0,10.0,Minimarkets,Greennn#!,100-199G,13.6879,867911.5,2.7376,1703.0
2021.0,10.0,Supermarkets,Greennn#!,100-199G,27.9039,1875175.0999999999,5.5807,2625.0
2021.0,11.0,Hypermarkets,Greennn#!,100-199G,13.2139,894754.9,2.6428,461.0
2021.0,11.0,Minimarkets,Greennn#!,100-199G,11.4728,749057.6,2.2945,1710.0
2021.0,11.0,Supermarkets,Greennn#!,100-199G,17.9486,1339453.0999999999,3.5896,2387.0
2021.0,12.0,Hypermarkets,Greennn#!,100-199G,10.5903,748857.9,2.118,428.0
2021.0,12.0,Minimarkets,Greennn#!,100-199G,7.8182,549344.2999999999,1.5636,1053.0
2021.0,12.0,Supermarkets,Greennn#!,100-199G,25.2956,1721988.5999999999,5.0591,2407.0
